"rmse_winter_wheat","rmse_spring_barley"
992.08109237351,740.158695072913
