"region","average_yield"
"Skåne",5459.54545454545
"Södermanland",3763.88888888889
"Västmanland",3927.03703703704
"Västra Götaland",4297.61904761905
"Örebro",3838.7037037037
"Östergötland",4225.37037037037
