"region","average_yield"
"Skåne",7472.27272727273
"Södermanland",4862.77777777778
"Västmanland",4852.07547169811
"Västra Götaland",5875.2380952381
"Örebro",4987.59259259259
"Östergötland",5589.25925925926
